category_group,category_item,used_unit_value,new_unit_value,mapping_status,source_tab,source_section,source_item,mapping_notes,review_decision,source_url,source_note
Accessories,Backpacks,5.0,16.0,Approximate,Household,Miscellaneous Item Donation,Luggage,Backpacks use the closest Salvation Army Luggage rate.,Approved,https://satruck.org/Home/DonationValueGuide,Template labels these columns Low/Old and High/New.
Accessories,Belts,2.0,6.0,Assumed,External estimate,Clothing accessories,Belt,Conservative externally sourced donation estimate.,Approved,https://deductibee.com/valuation-guide/clothing,Conservative rounded range informed by published donation-guide ranges.
Accessories,Gloves,2.0,4.0,Assumed,External estimate,Clothing accessories,Gloves,Goodwill-based used value with a conservative new-value assumption.,Approved,https://www.goodwillde.org/wp-content/uploads/2022/12/Donation-valuation-guide_12.2022.pdf,Goodwill lists gloves/hats/socks at $1.99; the new estimate is a conservative assumption.
Accessories,Hats,1.0,8.0,Approximate,Clothes,Women's,Hat,General hats mapped to the women's Hat rate.,Approved,https://satruck.org/Home/DonationValueGuide,Template labels these columns Low/Old and High/New.
Accessories,Mats,2.0,12.0,Approximate,Household,Household Goods Donation,Throw Rug,Mats use the closest available small-rug rate.,Approved,https://satruck.org/Home/DonationValueGuide,Template labels these columns Low/Old and High/New.
Accessories,Mittens,2.0,4.0,Assumed,External estimate,Clothing accessories,Mittens,Uses gloves as the closest comparable accessory.,Approved,https://www.goodwillde.org/wp-content/uploads/2022/12/Donation-valuation-guide_12.2022.pdf,Uses the published gloves baseline as the closest comparable item.
Accessories,Purses,2.0,21.0,Approximate,Clothes,Women's,Handbag,Purses use the Handbag rate.,Approved,https://satruck.org/Home/DonationValueGuide,Template labels these columns Low/Old and High/New.
Accessories,Rugs,2.0,12.0,Approximate,Household,Household Goods Donation,Throw Rug,Rugs use the Throw Rug rate; size is unavailable.,Approved,https://satruck.org/Home/DonationValueGuide,Template labels these columns Low/Old and High/New.
Accessories,Scarves,4.0,9.69,Approximate,HHRD Valuations,Pakistani Clothing,Shawls,Scarves use the HHRD Shawls rate.,Approved,,HHRD valuation rate.
Accessories,Ties,2.0,6.0,Assumed,External estimate,Clothing accessories,Tie,Goodwill-based used value with a conservative new-value assumption.,Approved,https://www.goodwillde.org/wp-content/uploads/2022/12/Donation-valuation-guide_12.2022.pdf,Goodwill lists ties/belts at $1.99; the new estimate is a conservative assumption.
Accessories,Winter Mufflers,4.0,9.69,Approximate,HHRD Valuations,Pakistani Clothing,Shawls,Winter mufflers use the closest HHRD Shawls rate.,Approved,,HHRD valuation rate.
Accessories,Women Hats,1.0,8.0,Exact,Clothes,Women's,Hat,Women's hat rate.,Approved,https://satruck.org/Home/DonationValueGuide,Template labels these columns Low/Old and High/New.
Asian,Boys Set,30.0,52.98,Approximate,HHRD Valuations,Pakistani Clothing,Men shalwar kameez,User directed Boys Set to the shalwar kameez rate.,Approved,,HHRD valuation rate.
Asian,Men Pants,5.0,12.0,Approximate,Clothes,Men's,Slacks,Asian men's pants use the Salvation Army men's Slacks rate.,Approved,https://satruck.org/Home/DonationValueGuide,Template labels these columns Low/Old and High/New.
Asian,Men Set,30.0,52.98,Approximate,HHRD Valuations,Pakistani Clothing,Men shalwar kameez,Men Set mapped to the closest HHRD two-piece outfit.,Approved,,HHRD valuation rate.
Asian,Men Shirts,3.0,12.0,Approximate,Clothes,Men's,Shirt,Asian men's shirts use the Salvation Army men's Shirt rate.,Approved,https://satruck.org/Home/DonationValueGuide,Template labels these columns Low/Old and High/New.
Asian,Men Thobe,32.89,59.99,Exact,HHRD Valuations,Pakistani Clothing,Thobe,Direct terminology match.,Approved,,HHRD valuation rate.
Asian,Women 2Pc Set,32.0,41.02,Exact,HHRD Valuations,Pakistani Clothing,Womens 2 piece shalwar kameez,Direct terminology match.,Approved,,HHRD valuation rate.
Asian,Women 3Pc Set,45.0,58.8,Exact,HHRD Valuations,Pakistani Clothing,Womens 3 piece shalwar kameez,Direct terminology match.,Approved,,HHRD valuation rate.
Asian,Women Abayas,38.16,54.9,Exact,HHRD Valuations,Pakistani Clothing,Abaya,Direct terminology match.,Approved,,HHRD valuation rate.
Asian,Women Bridal,75.0,191.0,Exact,HHRD Valuations,Pakistani Clothing,Women wedding suit,Bridal inventory mapped to the HHRD wedding-suit rate.,Approved,,HHRD valuation rate.
Asian,Women Pants,4.0,12.0,Approximate,Clothes,Women's,Slacks,Asian women's pants use the Salvation Army women's Slacks rate.,Approved,https://satruck.org/Home/DonationValueGuide,Template labels these columns Low/Old and High/New.
Asian,Women Scarves,8.99,17.0,Approximate,HHRD Valuations,Pakistani Clothing,Hijab,Scarves may include non-hijab items.,Approved,,HHRD valuation rate.
Asian,Women Shirts,3.0,12.0,Approximate,Clothes,Women's,Blouse,Asian women's shirts use the Salvation Army women's Blouse rate.,Approved,https://satruck.org/Home/DonationValueGuide,Template labels these columns Low/Old and High/New.
Bedding,3Pc Bed Set,6.0,19.0,Assumed,Derived estimate,Bedding,3Pc Bed Set,"One sheet, one bed skirt, and one pillowcase.",Approved,https://www.walmart.com/ip/916863799,"Assumes one sheet, one bed skirt, and one pillowcase. Combines Salvation Army component rates with discounted Lux Decor pricing."
Bedding,4Pc Bed Set,7.0,22.0,Assumed,Derived estimate,Bedding,4Pc Bed Set,Three-piece estimate plus one pillowcase.,Approved,https://www.luxdecorcollection.com/,Three-piece estimate plus one additional pillowcase.
Bedding,6Pc Bed Set,9.0,28.0,Assumed,Derived estimate,Bedding,6Pc Bed Set,Four-piece estimate plus two pillowcases.,Approved,https://www.luxdecorcollection.com/collections/all,Four-piece estimate plus two additional pillowcases.
Bedding,Bed Set,6.0,19.0,Assumed,Derived estimate,Bedding,Bed Set,Unspecified sets use the conservative three-piece estimate.,Approved,https://www.luxdecorcollection.com/,Unspecified bed sets use the conservative three-piece estimate.
Bedding,Bed Sheets,2.0,8.0,Exact,Household,Household Goods Donation,Sheets,Direct terminology match.,Approved,https://satruck.org/Home/DonationValueGuide,Template labels these columns Low/Old and High/New.
Bedding,Blankets/Comforters,3.0,16.0,Approximate,Household,Household Goods Donation,Blanket,Combined category mapped to Blanket; comforters may differ.,Approved,https://satruck.org/Home/DonationValueGuide,Template labels these columns Low/Old and High/New.
Bedding,Comforter Set,11.25,27.0,Assumed,Derived estimate,Bedding,5Pc Comforter Set,Assumed five-piece Lux Decor comforter set with donation discounts.,Approved,https://www.luxdecorcollection.com/,Based on a $44.99 Lux Decor five-piece set; used is 25% and new donation value is 60% of retail.
Bedding,Curtains,2.0,12.0,Exact,Household,Household Goods Donation,Curtains,Direct terminology match.,Approved,https://satruck.org/Home/DonationValueGuide,Template labels these columns Low/Old and High/New.
Bedding,Mattress Pad Covers,7.5,18.0,Assumed,Derived estimate,Bedding,Mattress Pad Cover,Lux Decor retail reference reduced to donation values.,Approved,https://www.luxdecorcollection.com/collections/all,Based on a $29.99 Lux Decor mattress pad; used is 25% and new donation value is 60% of retail.
Bedding,Pillowcase,1.0,3.0,Assumed,Derived estimate,Bedding,Pillowcase,Per-piece Lux Decor estimate reduced to donation values.,Approved,https://www.luxdecorcollection.com/,Conservative per-piece value derived from Lux Decor sheet-set pricing and donation discounts.
Bedding,Pillows,2.0,8.0,Exact,Household,Household Goods Donation,Pillow,Singular/plural terminology match.,Approved,https://satruck.org/Home/DonationValueGuide,Template labels these columns Low/Old and High/New.
Bedding,Seat Cushions,2.0,8.0,Approximate,Household,Household Goods Donation,Pillow,User directed seat cushions to the Salvation Army Pillow rate.,Approved,https://satruck.org/Home/DonationValueGuide,Template labels these columns Low/Old and High/New.
Bedding,Towels,0.5,4.0,Exact,Household,Household Goods Donation,Towel,Singular/plural terminology match.,Approved,https://satruck.org/Home/DonationValueGuide,Template labels these columns Low/Old and High/New.
Children,Babies Under 3,3.0,12.0,Assumed,Derived estimate,Children,Mixed infant clothing item,Mixed category uses a conservative children's clothing range.,Approved,https://satruck.org/Home/DonationValueGuide,Uses a conservative range within Salvation Army children's clothing values because the item mix is unknown.
Children,Baby Crib,26.0,104.0,Approximate,Household,Furniture Donation,Crib (w/mattress),Source rate includes a mattress; warehouse record does not specify one.,Approved,https://satruck.org/Home/DonationValueGuide,Template labels these columns Low/Old and High/New.
Children,Baby Jackets,3.0,26.0,Exact,Clothes,Children's,Jacket,Children's jacket rate.,Approved,https://satruck.org/Home/DonationValueGuide,Template labels these columns Low/Old and High/New.
Household,Hangers,0.2,0.4,Assumed,Derived estimate,Household,Hanger,Lux Decor 30-pack converted to conservative per-hanger donation values.,Approved,https://www.walmart.com/browse/0?facet=brand%3ALux+Decor+Collection,Based on a Lux Decor 30-pack at $19.99; reduced to conservative per-hanger donation values.
Hygiene,Adult Diapers,0.0,0.33,Assumed,Retail-derived estimate,Hygiene,Adult Diaper,New per-unit estimate; used disposable value is $0.,Approved,https://www.target.com/c/incontinence-pads-health/up-up/-/N-4so0rZq643lepiiob,New per-unit estimate. Used disposable hygiene products are assigned $0 because they have no reusable donation value.
Hygiene,Baby Diapers,0.0,0.33,Assumed,Retail-derived estimate,Hygiene,Baby Diaper,New per-unit estimate; used disposable value is $0.,Approved,https://www.target.com/c/-/N-62foxZq643lepiiob,New per-unit estimate. Used disposable hygiene products are assigned $0 because they have no reusable donation value.
Hygiene,Diaper Pants (Kids),0.0,0.48,Assumed,Retail-derived estimate,Hygiene,Diaper Pants,New per-unit estimate; used disposable value is $0.,Approved,https://www.target.com/c/-/N-62foxZq643lepiiob,New per-unit training-pant estimate. Used disposable hygiene products are assigned $0.
Hygiene,Diapers,0.0,0.33,Assumed,Retail-derived estimate,Hygiene,Generic Diaper,New per-unit estimate; used disposable value is $0.,Approved,https://www.target.com/c/-/N-62foxZq643lepiiob,New per-unit estimate. Used disposable hygiene products are assigned $0.
Hygiene,Underpads,0.0,0.5,Assumed,Retail-derived estimate,Hygiene,Underpad,New per-unit estimate; used disposable value is $0.,Approved,https://www.target.com/c/incontinence-pads-health/up-up/-/N-4so0rZq643lepiiob,Conservative new per-unit estimate. Used disposable underpads are assigned $0.
Hygiene,Women Liner,0.0,0.15,Assumed,Retail-derived estimate,Hygiene,Women Liner,New per-unit estimate; used disposable value is $0.,Approved,https://www.target.com/c/incontinence-pads-health/incontinence-liners/-/N-4so0rZxtz5s,New per-unit estimate based on current liner pack prices. Used disposable liners are assigned $0.
School Supplies,School Supplies,5.0,5.0,Assumed,User assumption,School Supplies,School Supplies,User-directed flat $5 value.,Approved,,User-directed flat value.
Shoes,Men,4.0,26.0,Exact,Clothes,Men's,Shoes,Men's shoes rate.,Approved,https://satruck.org/Home/DonationValueGuide,Template labels these columns Low/Old and High/New.
Shoes,Women,2.0,26.0,Exact,Clothes,Women's,Shoes,Women's shoes rate.,Approved,https://satruck.org/Home/DonationValueGuide,Template labels these columns Low/Old and High/New.
Toys,Baby Toys,2.0,6.0,Assumed,User assumption,Toys,Generic Toy,User-directed toy value.,Approved,,"User-directed value for all otherwise-unmapped toy categories, including vests."
Toys,Battery,2.0,6.0,Assumed,User assumption,Toys,Generic Toy,User-directed toy value.,Approved,,"User-directed value for all otherwise-unmapped toy categories, including vests."
Toys,Bicycles,5.0,83.0,Exact,Household,Miscellaneous Item Donation,Bicycle,Singular/plural terminology match.,Approved,https://satruck.org/Home/DonationValueGuide,Template labels these columns Low/Old and High/New.
Toys,No Battery,2.0,6.0,Assumed,User assumption,Toys,Generic Toy,User-directed toy value.,Approved,,"User-directed value for all otherwise-unmapped toy categories, including vests."
Toys,Toys,2.0,6.0,Assumed,User assumption,Toys,Generic Toy,User-directed toy value.,Approved,,"User-directed value for all otherwise-unmapped toy categories, including vests."
Toys,Vests,2.0,6.0,Assumed,User assumption,Toys,Generic Toy,User directed vests to the toy assumption.,Approved,,"User-directed value for all otherwise-unmapped toy categories, including vests."
UnderClothing,Bra,1.0,3.0,Exact,Clothes,Women's,Bra,Direct terminology match.,Approved,https://satruck.org/Home/DonationValueGuide,Template labels these columns Low/Old and High/New.
UnderClothing,Kids Underwear (Boys),1.0,4.0,Approximate,Clothes,Children's,Underwear,Uses the Salvation Army children's Underwear rate.,Approved,https://satruck.org/Home/DonationValueGuide,Template labels these columns Low/Old and High/New.
UnderClothing,Socks,0.5,1.0,Approximate,Clothes,Women's,Socks,Warehouse data does not specify adult or child socks.,Approved,https://satruck.org/Home/DonationValueGuide,Template labels these columns Low/Old and High/New.
UnderClothing,Tops,3.0,12.0,Approximate,Clothes,Women's,Blouse,Unspecified tops use the closest women's Blouse rate.,Approved,https://satruck.org/Home/DonationValueGuide,Template labels these columns Low/Old and High/New.
UnderClothing,Undershirts,1.0,3.0,Exact,Clothes,Men's,Undershirt,Singular/plural terminology match.,Approved,https://satruck.org/Home/DonationValueGuide,Template labels these columns Low/Old and High/New.
UnderClothing,Underwear,1.0,4.0,Approximate,Clothes,Children's,Underwear,Warehouse data does not specify age or gender.,Approved,https://satruck.org/Home/DonationValueGuide,Template labels these columns Low/Old and High/New.
Western,Men 2Pc Suit Set,16.0,62.0,Approximate,Clothes,Men's,Suit,Two-piece set mapped to the men's Suit rate.,Approved,https://satruck.org/Home/DonationValueGuide,Template labels these columns Low/Old and High/New.
Western,Men 2Pc Track Suit,8.0,24.0,Assumed,Derived estimate,Western,Men 2Pc Track Suit,User-directed sum of one men's shirt and one pair of pants.,Approved,https://satruck.org/Home/DonationValueGuide,Sum of Salvation Army men's Shirt ($3/$12) and Slacks ($5/$12).
Western,Men And Boys Shirts,3.0,12.0,Approximate,Clothes,Men's,Shirt,Combined men/boys category uses the men's Shirt rate.,Approved,https://satruck.org/Home/DonationValueGuide,Template labels these columns Low/Old and High/New.
Western,Men And Boys Shoes,4.0,26.0,Approximate,Clothes,Men's,Shoes,Combined men/boys category uses the men's Shoes rate.,Approved,https://satruck.org/Home/DonationValueGuide,Template labels these columns Low/Old and High/New.
Western,Men Jackets,8.0,26.0,Exact,Clothes,Men's,Jacket,Men's jacket rate.,Approved,https://satruck.org/Home/DonationValueGuide,Template labels these columns Low/Old and High/New.
Western,Men Pants,5.0,12.0,Approximate,Clothes,Men's,Slacks,Pants mapped to the closest available men's Slacks rate.,Approved,https://satruck.org/Home/DonationValueGuide,Template labels these columns Low/Old and High/New.
Western,Men Shirts,3.0,12.0,Exact,Clothes,Men's,Shirt,Men's shirt rate.,Approved,https://satruck.org/Home/DonationValueGuide,Template labels these columns Low/Old and High/New.
Western,Men Shoes,4.0,26.0,Exact,Clothes,Men's,Shoes,Men's shoes rate.,Approved,https://satruck.org/Home/DonationValueGuide,Template labels these columns Low/Old and High/New.
Western,Men Sweaters,3.0,12.0,Exact,Clothes,Men's,Sweater,Men's sweater rate.,Approved,https://satruck.org/Home/DonationValueGuide,Template labels these columns Low/Old and High/New.
Western,Women Coats,10.0,41.0,Exact,Clothes,Women's,Coat,Women's coat rate.,Approved,https://satruck.org/Home/DonationValueGuide,Template labels these columns Low/Old and High/New.
Western,Women Dresses,4.0,20.0,Exact,Clothes,Women's,Dress,Women's dress rate.,Approved,https://satruck.org/Home/DonationValueGuide,Template labels these columns Low/Old and High/New.
Western,Women Jackets,4.0,12.0,Exact,Clothes,Women's,Jacket,Women's jacket rate.,Approved,https://satruck.org/Home/DonationValueGuide,Template labels these columns Low/Old and High/New.
Western,Women Pants,4.0,12.0,Approximate,Clothes,Women's,Slacks,Pants mapped to the closest available women's Slacks rate.,Approved,https://satruck.org/Home/DonationValueGuide,Template labels these columns Low/Old and High/New.
Western,Women Shirts,3.0,12.0,Approximate,Clothes,Women's,Blouse,Shirts mapped to the closest available women's Blouse rate.,Approved,https://satruck.org/Home/DonationValueGuide,Template labels these columns Low/Old and High/New.
Western,Women Shoes,2.0,26.0,Exact,Clothes,Women's,Shoes,Women's shoes rate.,Approved,https://satruck.org/Home/DonationValueGuide,Template labels these columns Low/Old and High/New.
Western,Women Sweaters,4.0,16.0,Exact,Clothes,Women's,Sweater,Women's sweater rate.,Approved,https://satruck.org/Home/DonationValueGuide,Template labels these columns Low/Old and High/New.
